{"cameraMode":{"drawMode":0,"name":"Shaded","section":"Shading Mode"},"sceneLighting":true,"audioPlay":false,"sceneViewState":{"showFog":true,"showMaterialUpdate":false,"showSkybox":true,"showFlares":true,"showImageEffects":true,"showParticleSystems":true},"in2DMode":false,"pivot":{"x":-0.151702880859375,"y":1.8804931640625,"z":-0.563720703125},"rotation":{"x":0.22892548143863679,"y":-0.014601031318306923,"z":0.0034341448917984964,"w":0.9733290672302246},"size":1.1990556716918946,"orthographic":true}