{"cameraMode":{"drawMode":0,"name":"Shaded","section":"Shading Mode"},"sceneLighting":true,"audioPlay":false,"sceneViewState":{"showFog":true,"showMaterialUpdate":false,"showSkybox":true,"showFlares":true,"showImageEffects":true,"showParticleSystems":true},"in2DMode":false,"pivot":{"x":-1.2647705078125,"y":3.7701416015625,"z":3.435546875},"rotation":{"x":0.01951279491186142,"y":0.9707731604576111,"z":-0.22371916472911836,"w":0.0846710130572319},"size":2.0142745971679689,"orthographic":true}