{"cameraMode":{"drawMode":0,"name":"Shaded","section":"Shading Mode"},"sceneLighting":true,"audioPlay":false,"sceneViewState":{"showFog":true,"showMaterialUpdate":false,"showSkybox":true,"showFlares":true,"showImageEffects":true,"showParticleSystems":true},"in2DMode":false,"pivot":{"x":-1.3073570728302003,"y":1.4905599355697632,"z":1.4566450119018555},"rotation":{"x":0.10221497714519501,"y":0.5634604692459106,"z":-0.07051564007997513,"w":0.8167576789855957},"size":2.883336067199707,"orthographic":true}