{"cameraMode":{"drawMode":0,"name":"Shaded","section":"Shading Mode"},"sceneLighting":true,"audioPlay":false,"sceneViewState":{"showFog":true,"showMaterialUpdate":false,"showSkybox":true,"showFlares":true,"showImageEffects":true,"showParticleSystems":true},"in2DMode":false,"pivot":{"x":0.405029296875,"y":2.09033203125,"z":-0.34619140625},"rotation":{"x":0.13125619292259217,"y":0.07368660718202591,"z":-0.009768462739884854,"w":0.9885768294334412},"size":2.584289073944092,"orthographic":true}