{"cameraMode":{"drawMode":0,"name":"Shaded","section":"Shading Mode"},"sceneLighting":true,"audioPlay":false,"sceneViewState":{"showFog":true,"showMaterialUpdate":false,"showSkybox":true,"showFlares":true,"showImageEffects":true,"showParticleSystems":true},"in2DMode":false,"pivot":{"x":-0.03641296178102493,"y":2.4558916091918947,"z":1.467226266860962},"rotation":{"x":0.25262510776519778,"y":0.466077595949173,"z":-0.14080378413200379,"w":0.8361724019050598},"size":6.58678674697876,"orthographic":true}