{"cameraMode":{"drawMode":0,"name":"Shaded","section":"Shading Mode"},"sceneLighting":true,"audioPlay":false,"sceneViewState":{"showFog":true,"showMaterialUpdate":false,"showSkybox":true,"showFlares":true,"showImageEffects":true,"showParticleSystems":true},"in2DMode":false,"pivot":{"x":-8.48388671875,"y":23.080078125,"z":14.927734375},"rotation":{"x":-0.2451496124267578,"y":0.09896885603666306,"z":-0.025167716667056085,"w":-0.9641061425209045},"size":17.675167083740236,"orthographic":true}