{"cameraMode":{"drawMode":0,"name":"Shaded","section":"Shading Mode"},"sceneLighting":true,"audioPlay":false,"sceneViewState":{"showFog":true,"showMaterialUpdate":false,"showSkybox":true,"showFlares":true,"showImageEffects":true,"showParticleSystems":true},"in2DMode":false,"pivot":{"x":-9.28271484375,"y":24.333984375,"z":13.984375},"rotation":{"x":-0.035578418523073199,"y":0.15111643075942994,"z":-0.0054421559907495979,"w":-0.9878644347190857},"size":26.062320709228517,"orthographic":true}